-- phpMyAdmin SQL Dump
-- version 5.2.1
-- https://www.phpmyadmin.net/
--
-- Host: localhost:3306
-- Generation Time: Jun 27, 2023 at 05:54 AM
-- Server version: 10.3.39-MariaDB
-- PHP Version: 8.1.16

SET SQL_MODE = "NO_AUTO_VALUE_ON_ZERO";
START TRANSACTION;
SET time_zone = "+00:00";


/*!40101 SET @OLD_CHARACTER_SET_CLIENT=@@CHARACTER_SET_CLIENT */;
/*!40101 SET @OLD_CHARACTER_SET_RESULTS=@@CHARACTER_SET_RESULTS */;
/*!40101 SET @OLD_COLLATION_CONNECTION=@@COLLATION_CONNECTION */;
/*!40101 SET NAMES utf8mb4 */;

--
-- Database: `bigshrry_CheckUTC`
--

-- --------------------------------------------------------

--
-- Table structure for table `tb_announce`
--

CREATE TABLE `tb_announce` (
  `id` int(11) NOT NULL,
  `head` varchar(200) NOT NULL,
  `description` text NOT NULL,
  `status` int(11) NOT NULL DEFAULT 0,
  `Teacher_id` int(11) NOT NULL
) ENGINE=InnoDB DEFAULT CHARSET=utf8 COLLATE=utf8_general_ci;

--
-- Dumping data for table `tb_announce`
--

INSERT INTO `tb_announce` (`id`, `head`, `description`, `status`, `Teacher_id`) VALUES
(1, 'test', 'satesat', 1, 4),
(2, 'สอบโครงงาน', 'วันนี้นะครับ ที่ห้อง 313', 1, 14),
(4, 'ประชุมนะครับ', 'ฝึกงาน', 0, 14);

-- --------------------------------------------------------

--
-- Table structure for table `tb_area`
--

CREATE TABLE `tb_area` (
  `id` int(11) NOT NULL,
  `lat` double NOT NULL,
  `lng` double NOT NULL,
  `radius` double NOT NULL
) ENGINE=InnoDB DEFAULT CHARSET=utf8 COLLATE=utf8_general_ci;

--
-- Dumping data for table `tb_area`
--

INSERT INTO `tb_area` (`id`, `lat`, `lng`, `radius`) VALUES
(1, 15.241242, 104.845726, 100000);

-- --------------------------------------------------------

--
-- Table structure for table `tb_check_history`
--

CREATE TABLE `tb_check_history` (
  `id` int(11) NOT NULL,
  `Student_id` int(100) NOT NULL,
  `Teacher_id` int(100) NOT NULL,
  `count_check` int(100) NOT NULL,
  `count_check_in` int(100) NOT NULL,
  `count_no_check` int(100) NOT NULL,
  `term` varchar(5) NOT NULL,
  `year` varchar(10) NOT NULL
) ENGINE=InnoDB DEFAULT CHARSET=utf8 COLLATE=utf8_general_ci;

-- --------------------------------------------------------

--
-- Table structure for table `tb_check_student`
--

CREATE TABLE `tb_check_student` (
  `id` int(11) NOT NULL,
  `Student_id` varchar(50) NOT NULL,
  `Room_ID` varchar(10) DEFAULT NULL,
  `Teacher_id` int(11) NOT NULL,
  `status` int(1) NOT NULL,
  `count_check` int(100) DEFAULT NULL,
  `check_time` timestamp NOT NULL DEFAULT current_timestamp() ON UPDATE current_timestamp(),
  `check_date` varchar(50) NOT NULL
) ENGINE=InnoDB DEFAULT CHARSET=utf8 COLLATE=utf8_general_ci;

--
-- Dumping data for table `tb_check_student`
--

INSERT INTO `tb_check_student` (`id`, `Student_id`, `Room_ID`, `Teacher_id`, `status`, `count_check`, `check_time`, `check_date`) VALUES
(84, '22', '3', 3, 1, 3, '2023-06-13 14:16:44', '2023-02-22'),
(85, '23', '3', 3, 1, 3, '2023-06-13 14:16:44', '2023-02-22'),
(86, '24', '3', 3, 1, 3, '2023-06-13 14:16:44', '2023-02-22'),
(87, '25', '3', 3, 1, 3, '2023-06-13 14:16:44', '2023-02-22'),
(88, '26', '3', 3, 1, 3, '2023-06-13 14:16:44', '2023-02-22'),
(89, '27', '3', 3, 1, 3, '2023-06-13 14:16:44', '2023-02-22'),
(90, '28', '3', 3, 1, 3, '2023-06-13 14:16:44', '2023-02-22'),
(91, '29', '3', 3, 1, 3, '2023-06-13 14:16:44', '2023-02-22'),
(92, '30', '3', 3, 1, 3, '2023-06-13 14:16:44', '2023-02-22'),
(93, '31', '3', 3, 1, 3, '2023-06-13 14:16:44', '2023-02-22'),
(94, '32', '3', 3, 1, 3, '2023-06-13 14:16:44', '2023-02-22'),
(95, '33', '3', 3, 1, 3, '2023-06-13 14:16:44', '2023-02-22'),
(96, '34', '3', 3, 1, 3, '2023-06-13 14:16:44', '2023-02-22'),
(97, '35', '3', 3, 1, 3, '2023-06-13 14:16:44', '2023-02-22'),
(98, '36', '3', 3, 1, 3, '2023-06-13 14:16:44', '2023-02-22'),
(99, '37', '3', 3, 1, 3, '2023-06-13 14:16:44', '2023-02-22'),
(100, '38', '3', 3, 1, 3, '2023-06-13 14:16:44', '2023-02-22'),
(101, '39', '3', 3, 1, 3, '2023-06-13 14:16:44', '2023-02-22'),
(123, '328', '2', 14, 0, 1, '2023-02-22 06:56:28', '2023-02-22'),
(124, '329', '2', 14, 1, 1, '2023-02-22 06:56:29', '2023-02-22'),
(125, '330', '2', 14, 0, 1, '2023-02-22 06:56:29', '2023-02-22'),
(126, '331', '2', 14, 0, 1, '2023-02-22 06:56:29', '2023-02-22'),
(127, '332', '2', 14, 0, 1, '2023-02-22 06:56:29', '2023-02-22'),
(128, '333', '2', 14, 0, 1, '2023-02-22 06:56:29', '2023-02-22'),
(129, '334', '2', 14, 0, 1, '2023-02-22 06:56:29', '2023-02-22'),
(130, '335', '2', 14, 0, 1, '2023-02-22 06:56:29', '2023-02-22'),
(131, '336', '2', 14, 0, 1, '2023-02-22 06:56:29', '2023-02-22'),
(132, '337', '2', 14, 0, 1, '2023-02-22 06:56:29', '2023-02-22'),
(133, '338', '2', 14, 0, 1, '2023-02-22 06:56:29', '2023-02-22'),
(134, '339', '2', 14, 0, 1, '2023-02-22 06:56:29', '2023-02-22'),
(135, '340', '2', 14, 0, 1, '2023-02-22 06:56:29', '2023-02-22'),
(136, '341', '2', 14, 0, 1, '2023-02-22 06:56:29', '2023-02-22'),
(137, '342', '2', 14, 0, 1, '2023-02-22 06:56:29', '2023-02-22'),
(138, '343', '2', 14, 0, 1, '2023-02-22 06:56:29', '2023-02-22'),
(139, '344', '2', 14, 0, 1, '2023-02-22 06:56:29', '2023-02-22'),
(140, '345', '2', 14, 0, 1, '2023-02-22 06:56:29', '2023-02-22'),
(141, '346', '2', 14, 0, 1, '2023-02-22 06:56:29', '2023-02-22'),
(142, '347', '2', 14, 0, 1, '2023-02-22 06:56:29', '2023-02-22'),
(143, '348', '2', 14, 0, 1, '2023-02-22 06:56:29', '2023-02-22'),
(144, '1', '2', 3, 1, 3, '2023-06-13 14:16:44', '2023-06-11'),
(145, '2', '2', 3, 1, 3, '2023-06-13 14:16:44', '2023-06-11'),
(146, '3', '2', 3, 1, 3, '2023-06-13 14:16:44', '2023-06-11'),
(147, '4', '2', 3, 1, 3, '2023-06-13 14:16:44', '2023-06-11'),
(148, '5', '2', 3, 1, 3, '2023-06-13 14:16:44', '2023-06-11'),
(149, '6', '2', 3, 0, 3, '2023-06-13 14:16:44', '2023-06-11'),
(150, '7', '2', 3, 0, 3, '2023-06-13 14:16:44', '2023-06-11'),
(151, '8', '2', 3, 1, 3, '2023-06-13 14:16:44', '2023-06-11'),
(152, '9', '2', 3, 1, 3, '2023-06-13 14:16:44', '2023-06-11'),
(153, '10', '2', 3, 1, 3, '2023-06-13 14:16:44', '2023-06-11'),
(154, '11', '2', 3, 0, 3, '2023-06-13 14:16:44', '2023-06-11'),
(155, '12', '2', 3, 1, 3, '2023-06-13 14:16:44', '2023-06-11'),
(156, '13', '2', 3, 1, 3, '2023-06-13 14:16:44', '2023-06-11'),
(157, '14', '2', 3, 1, 3, '2023-06-13 14:16:44', '2023-06-11'),
(158, '15', '2', 3, 0, 3, '2023-06-13 14:16:44', '2023-06-11'),
(159, '16', '2', 3, 0, 3, '2023-06-13 14:16:44', '2023-06-11'),
(160, '17', '2', 3, 0, 3, '2023-06-13 14:16:44', '2023-06-11'),
(161, '18', '2', 3, 0, 3, '2023-06-13 14:16:44', '2023-06-11'),
(162, '19', '2', 3, 0, 3, '2023-06-13 14:16:44', '2023-06-11'),
(163, '20', '2', 3, 0, 3, '2023-06-13 14:16:44', '2023-06-11'),
(164, '21', '2', 3, 0, 3, '2023-06-13 14:16:44', '2023-06-11'),
(165, '1', '2', 3, 1, 3, '2023-06-13 14:17:00', '2023-06-13'),
(166, '2', '2', 3, 1, 3, '2023-06-13 14:17:02', '2023-06-13'),
(167, '3', '2', 3, 1, 3, '2023-06-13 14:17:02', '2023-06-13'),
(168, '4', '2', 3, 0, 3, '2023-06-13 14:16:44', '2023-06-13'),
(169, '5', '2', 3, 0, 3, '2023-06-13 14:16:44', '2023-06-13'),
(170, '6', '2', 3, 0, 3, '2023-06-13 14:16:44', '2023-06-13'),
(171, '7', '2', 3, 0, 3, '2023-06-13 14:16:44', '2023-06-13'),
(172, '8', '2', 3, 0, 3, '2023-06-13 14:16:44', '2023-06-13'),
(173, '9', '2', 3, 0, 3, '2023-06-13 14:16:44', '2023-06-13'),
(174, '10', '2', 3, 0, 3, '2023-06-13 14:16:44', '2023-06-13'),
(175, '11', '2', 3, 0, 3, '2023-06-13 14:16:44', '2023-06-13'),
(176, '12', '2', 3, 0, 3, '2023-06-13 14:16:44', '2023-06-13'),
(177, '13', '2', 3, 0, 3, '2023-06-13 14:16:44', '2023-06-13'),
(178, '14', '2', 3, 0, 3, '2023-06-13 14:16:44', '2023-06-13'),
(179, '15', '2', 3, 0, 3, '2023-06-13 14:16:44', '2023-06-13'),
(180, '16', '2', 3, 0, 3, '2023-06-13 14:16:44', '2023-06-13'),
(181, '17', '2', 3, 0, 3, '2023-06-13 14:16:44', '2023-06-13'),
(182, '18', '2', 3, 0, 3, '2023-06-13 14:16:44', '2023-06-13'),
(183, '19', '2', 3, 0, 3, '2023-06-13 14:16:44', '2023-06-13'),
(184, '20', '2', 3, 0, 3, '2023-06-13 14:16:44', '2023-06-13'),
(185, '21', '2', 3, 0, 3, '2023-06-13 14:16:44', '2023-06-13'),
(186, '22', '3', 3, 0, 3, '2023-06-13 14:16:44', '2023-06-13'),
(187, '23', '3', 3, 0, 3, '2023-06-13 14:16:44', '2023-06-13'),
(188, '24', '3', 3, 0, 3, '2023-06-13 14:16:44', '2023-06-13'),
(189, '25', '3', 3, 0, 3, '2023-06-13 14:16:44', '2023-06-13'),
(190, '26', '3', 3, 0, 3, '2023-06-13 14:16:44', '2023-06-13'),
(191, '27', '3', 3, 0, 3, '2023-06-13 14:16:44', '2023-06-13'),
(192, '28', '3', 3, 0, 3, '2023-06-13 14:16:44', '2023-06-13'),
(193, '29', '3', 3, 0, 3, '2023-06-13 14:16:44', '2023-06-13'),
(194, '30', '3', 3, 0, 3, '2023-06-13 14:16:44', '2023-06-13'),
(195, '31', '3', 3, 0, 3, '2023-06-13 14:16:44', '2023-06-13'),
(196, '32', '3', 3, 0, 3, '2023-06-13 14:16:44', '2023-06-13'),
(197, '33', '3', 3, 0, 3, '2023-06-13 14:16:44', '2023-06-13'),
(198, '34', '3', 3, 0, 3, '2023-06-13 14:16:44', '2023-06-13'),
(199, '35', '3', 3, 0, 3, '2023-06-13 14:16:44', '2023-06-13'),
(200, '36', '3', 3, 0, 3, '2023-06-13 14:16:44', '2023-06-13'),
(201, '37', '3', 3, 0, 3, '2023-06-13 14:16:44', '2023-06-13'),
(202, '38', '3', 3, 0, 3, '2023-06-13 14:16:44', '2023-06-13'),
(203, '39', '3', 3, 0, 3, '2023-06-13 14:16:44', '2023-06-13');

-- --------------------------------------------------------

--
-- Table structure for table `tb_department`
--

CREATE TABLE `tb_department` (
  `id` int(11) NOT NULL,
  `Department` varchar(255) NOT NULL
) ENGINE=InnoDB DEFAULT CHARSET=utf8 COLLATE=utf8_general_ci;

--
-- Dumping data for table `tb_department`
--

INSERT INTO `tb_department` (`id`, `Department`) VALUES
(1, 'ซอฟต์แวร์'),
(2, 'มัลติมีเดีย'),
(3, 'ช่างเทคนิคคอมพิวเตอร์'),
(4, 'เครือข่าย'),
(5, 'ฮาร์ดแวร์');

-- --------------------------------------------------------

--
-- Table structure for table `tb_lavel`
--

CREATE TABLE `tb_lavel` (
  `id` int(11) NOT NULL,
  `lavel` varchar(100) NOT NULL
) ENGINE=InnoDB DEFAULT CHARSET=utf8 COLLATE=utf8_general_ci;

--
-- Dumping data for table `tb_lavel`
--

INSERT INTO `tb_lavel` (`id`, `lavel`) VALUES
(3, 'ปวช.1'),
(4, 'ปวช.2'),
(6, 'ปวช.3'),
(7, 'ปวส.1'),
(8, 'ปวส.2');

-- --------------------------------------------------------

--
-- Table structure for table `tb_opn_scan`
--

CREATE TABLE `tb_opn_scan` (
  `id` int(11) NOT NULL,
  `open` varchar(100) NOT NULL,
  `close` varchar(100) DEFAULT NULL
) ENGINE=InnoDB DEFAULT CHARSET=utf8 COLLATE=utf8_general_ci;

--
-- Dumping data for table `tb_opn_scan`
--

INSERT INTO `tb_opn_scan` (`id`, `open`, `close`) VALUES
(1, '2023-02-10', '2023-01-29');

-- --------------------------------------------------------

--
-- Table structure for table `tb_room`
--

CREATE TABLE `tb_room` (
  `Room_ID` int(11) NOT NULL,
  `room` varchar(40) CHARACTER SET utf8 COLLATE utf8_general_ci NOT NULL
) ENGINE=InnoDB DEFAULT CHARSET=latin1 COLLATE=latin1_swedish_ci;

--
-- Dumping data for table `tb_room`
--

INSERT INTO `tb_room` (`Room_ID`, `room`) VALUES
(2, 'ห้อง 1'),
(3, 'ห้อง 2'),
(4, 'ห้อง 3'),
(11, 'ห้อง 4'),
(12, 'ห้อง 5');

-- --------------------------------------------------------

--
-- Table structure for table `tb_schedule_list`
--

CREATE TABLE `tb_schedule_list` (
  `id` int(30) NOT NULL,
  `title` text NOT NULL,
  `description` text NOT NULL,
  `start_datetime` datetime NOT NULL,
  `end_datetime` datetime NOT NULL
) ENGINE=InnoDB DEFAULT CHARSET=utf8 COLLATE=utf8_general_ci;

--
-- Dumping data for table `tb_schedule_list`
--

INSERT INTO `tb_schedule_list` (`id`, `title`, `description`, `start_datetime`, `end_datetime`) VALUES
(10, 'วันครู', 'หยุดวันครู', '2023-01-16 00:46:00', '2023-01-16 00:00:00'),
(13, 'วันเสนอโปรเจ็ค', 'วันพุธที่ 22 กุมภาพันธ์ 2566 เวลา 13.00 เป็นต้นไป อาคาร 3 ห้อง 314', '2023-02-22 21:47:00', '2023-02-23 21:47:00');

-- --------------------------------------------------------

--
-- Table structure for table `tb_school_year`
--

CREATE TABLE `tb_school_year` (
  `id` int(11) NOT NULL,
  `school_year` varchar(10) NOT NULL
) ENGINE=InnoDB DEFAULT CHARSET=utf8 COLLATE=utf8_general_ci;

--
-- Dumping data for table `tb_school_year`
--

INSERT INTO `tb_school_year` (`id`, `school_year`) VALUES
(1, '2566');

-- --------------------------------------------------------

--
-- Table structure for table `tb_student`
--

CREATE TABLE `tb_student` (
  `id` int(11) NOT NULL,
  `Student_id` varchar(50) CHARACTER SET utf8 COLLATE utf8_general_ci NOT NULL,
  `Student_name` varchar(200) CHARACTER SET utf8 COLLATE utf8_general_ci NOT NULL,
  `Email` text CHARACTER SET utf8 COLLATE utf8_general_ci NOT NULL,
  `Teacher_id` int(11) NOT NULL,
  `Room_ID` varchar(10) CHARACTER SET utf8 COLLATE utf8_general_ci NOT NULL,
  `otp` varchar(10) CHARACTER SET utf8 COLLATE utf8_general_ci DEFAULT NULL,
  `status` int(1) NOT NULL DEFAULT 0
) ENGINE=InnoDB DEFAULT CHARSET=utf8mb4 COLLATE=utf8mb4_general_ci;

--
-- Dumping data for table `tb_student`
--

INSERT INTO `tb_student` (`id`, `Student_id`, `Student_name`, `Email`, `Teacher_id`, `Room_ID`, `otp`, `status`) VALUES
(1, '65201280001', 'นายเขื่อนเพชร ทบบุญ', '65201280001@utc.ac.th', 3, '2', NULL, 0),
(2, '65201280002', 'นางสาวน่านฟ้า มานะดี', '65201280002@utc.ac.th', 3, '2', NULL, 0),
(3, '65201280003', 'นางสาวสุวรรณนี สมหวัง', '65201280003@utc.ac.th', 3, '2', NULL, 0),
(4, '65201280004', 'นางสาวสิริยากร ประณิธาน', '65201280004@utc.ac.th', 3, '2', NULL, 0),
(5, '65201280005', 'นางสาวสุพิชชา ชุมสิทธิ์', '65201280005@utc.ac.th', 3, '2', NULL, 0),
(6, '65201280006', 'นางสาวสุภัทษร วันโท', '65201280006@utc.ac.th', 3, '2', NULL, 0),
(7, '65201280007', 'นายธาวิน ภูบรรสุข', '65201280007@utc.ac.th', 3, '2', NULL, 0),
(8, '65201280008', 'นายกฤษฎา เกิดแก้ว', '65201280008@utc.ac.th', 3, '2', NULL, 0),
(9, '65201280009', 'นางสาวเมลิสา ธรรมสัตย์', '65201280009@utc.ac.th', 3, '2', NULL, 0),
(10, '65201280010', 'นางสาวประภาสิริ ภักดี', '65201280010@utc.ac.th', 3, '2', NULL, 0),
(11, '65201280011', 'นายมนัสกร จันทร์อ่อน', '65201280011@utc.ac.th', 3, '2', NULL, 0),
(12, '65201280012', 'นางสาวปนิสยา นิยมชาติ', '65201280012@utc.ac.th', 3, '2', NULL, 0),
(13, '65201280013', 'นายภูวดล จันทร์ดี', '65201280013@utc.ac.th', 3, '2', NULL, 0),
(14, '65201280014', 'นางสาวหทัยรัต สิงหัดสา', '65201280014@utc.ac.th', 3, '2', NULL, 0),
(15, '65201280015', 'นายสิทธินนท์ มีแวว', '65201280015@utc.ac.th', 3, '2', NULL, 0),
(16, '65201280016', 'นางสาวกรวิกา สาริบุญ', '65201280016@utc.ac.th', 3, '2', NULL, 0),
(17, '65201280017', 'นายปภังกร นิชรัตน์', '65201280017@utc.ac.th', 3, '2', NULL, 0),
(18, '65201280018', 'นายกฤตหัสด์ วัฒนาไชย', '65201280018@utc.ac.th', 3, '2', NULL, 0),
(19, '65201280019', 'นายก้องภพ วิบูลย์เวชวาณิชย์', '65201280019@utc.ac.th', 3, '2', NULL, 0),
(20, '65201280100', 'นายทิวัตถ์ เชียงแสน', '65201280100@utc.ac.th', 3, '2', NULL, 0),
(21, '65201280101', 'นางสาวสุดาพร แพงสาน', '65201280101@utc.ac.th', 3, '2', NULL, 0),
(22, '65201280020', 'นางสาวธัญญลักษณ์ ล้อมสุข', '65201280020@utc.ac.th', 3, '3', '93416', 0),
(23, '65201280021', 'นางสาวกุลณัฐ สายกระสุน', '65201280021@utc.ac.th', 3, '3', '80835', 0),
(24, '65201280023', 'นายภัทรพล ปานตา', '65201280023@utc.ac.th', 3, '3', '98664', 0),
(25, '65201280024', 'นายรณเดช ศรีโกศล', '65201280024@utc.ac.th', 3, '3', NULL, 0),
(26, '65201280025', 'นายณัฐพงษ์ โนนยะโส', '65201280025@utc.ac.th', 3, '3', NULL, 0),
(27, '65201280026', 'นายวุฒิไกร กิติราช', '65201280026@utc.ac.th', 3, '3', '74029', 0),
(28, '65201280027', 'นายพัทธดนย์ ก้านจักร', '65201280027@utc.ac.th', 3, '3', '46199', 0),
(29, '65201280028', 'นายธนวัฒน์ อินธิราช', '65201280028@utc.ac.th', 3, '3', '19597', 0),
(30, '65201280029', 'นางสาวชลิดา ควรแสวง', '65201280029@utc.ac.th', 3, '3', NULL, 0),
(31, '65201280030', 'นางสาวปิยะนุช ยอดยิ่ง', '65201280030@utc.ac.th', 3, '3', NULL, 0),
(32, '65201280031', 'นายกิตติพงษ์ เลี้ยงหิรัญถาวร', '65201280031@utc.ac.th', 3, '3', '30430', 0),
(33, '65201280032', 'นายฐิติศักดิ์ ศรีประมาณ', '65201280032@utc.ac.th', 3, '3', NULL, 0),
(34, '65201280033', 'นายปภาวินท์ บัวบาล', '65201280033@utc.ac.th', 3, '3', '51626', 0),
(35, '65201280034', 'นายศุภวิชญ์ ใจดี', '65201280034@utc.ac.th', 3, '3', '96334', 0),
(36, '65201280035', 'นายธนภูมิ มหาพล', '65201280035@utc.ac.th', 3, '3', '53359', 0),
(37, '65201280036', 'นายณัฐชนน กรุณา', '65201280036@utc.ac.th', 3, '3', NULL, 0),
(38, '65201280037', 'นายพีรภัทร บุญไกร', '65201280037@utc.ac.th', 3, '3', NULL, 0),
(39, '65201280038', 'นายญาณกร ชาติพจน์', '65201280038@utc.ac.th', 3, '3', '55993', 0),
(40, '65201280039', 'นายวีรภัทร บุรัสการ', '65201280039@utc.ac.th', 4, '4', NULL, 0),
(41, '65201280040', 'นายอินทนนท์ บุญทรง', '65201280040@utc.ac.th', 4, '4', NULL, 0),
(42, '65201280042', 'นายศิวัฒน์ ปะถะมา', '65201280042@utc.ac.th', 4, '4', NULL, 0),
(43, '65201280043', 'นายวิชญ์ลภัส ศรีโยหะ', '65201280043@utc.ac.th', 4, '4', NULL, 0),
(44, '65201280044', 'นายสรวิศ สุพล', '65201280044@utc.ac.th', 4, '4', NULL, 0),
(45, '65201280045', 'นายกาณ์ดนัย ศรีทอง', '65201280045@utc.ac.th', 4, '4', NULL, 0),
(46, '65201280046', 'นางสาวพิชญารัตน์ โพธิ์ศรี', '65201280046@utc.ac.th', 4, '4', NULL, 0),
(47, '65201280047', 'นายพัสกร ชินาวงศ์', '65201280047@utc.ac.th', 4, '4', NULL, 0),
(48, '65201280048', 'นายคัคเนศวร์ อรอินทร์', '65201280048@utc.ac.th', 4, '4', NULL, 0),
(49, '65201280049', 'นายกฤตนัย ศรีทอง', '65201280049@utc.ac.th', 4, '4', NULL, 0),
(50, '65201280050', 'นายภูมิภัทร ศรีบุญเรือง', '65201280050@utc.ac.th', 4, '4', NULL, 0),
(51, '65201280052', 'นายนัฏฐชัย คำวงษา', '65201280052@utc.ac.th', 4, '4', NULL, 0),
(52, '65201280053', 'นายรัชพล ถนอมบุญ', '65201280053@utc.ac.th', 4, '4', NULL, 0),
(53, '65201280054', 'นายภคิน อากุสติน', '65201280054@utc.ac.th', 4, '4', NULL, 0),
(54, '65201280055', 'นายจิรันธนิน ทัดเทียม', '65201280055@utc.ac.th', 4, '4', NULL, 0),
(55, '65201280056', 'นายรชพล บุโพธิ์', '65201280056@utc.ac.th', 4, '4', NULL, 0),
(56, '65201280057', 'นายเสฏฐวุฒิ วิสาพรหม', '65201280057@utc.ac.th', 4, '11', NULL, 0),
(57, '65201280058', 'นายนรภัทร สร้างสุข', '65201280058@utc.ac.th', 4, '11', NULL, 0),
(58, '65201280059', 'นายศุภพิชญ์ กล่อมจิต', '65201280059@utc.ac.th', 4, '11', NULL, 0),
(59, '65201280060', 'นายณริภัทร วรรณโคตร', '65201280060@utc.ac.th', 4, '11', NULL, 0),
(60, '65201280062', 'นายพัทธดนย์ แซ่ลี้', '65201280062@utc.ac.th', 4, '11', NULL, 0),
(61, '65201280063', 'นายอันดามัน ศิรินนท์', '65201280063@utc.ac.th', 4, '11', NULL, 0),
(62, '65201280064', 'นายสมรักษ์ เพ็งอ่อนเนตร', '65201280064@utc.ac.th', 4, '11', NULL, 0),
(63, '65201280065', 'นายสิรภพ ลีเลิศ', '65201280065@utc.ac.th', 4, '11', NULL, 0),
(64, '65201280066', 'นายอภิวัฒน์ แก้วสุข', '65201280066@utc.ac.th', 4, '11', NULL, 0),
(65, '65201280067', 'นายภัควัฒน์ คำห่อ', '65201280067@utc.ac.th', 4, '11', NULL, 0),
(66, '65201280068', 'นายกฤตยชญ์ บุญเชิด', '65201280068@utc.ac.th', 4, '11', NULL, 0),
(67, '65201280069', 'นายชาติชาย คำสุนีย์', '65201280069@utc.ac.th', 4, '11', NULL, 0),
(68, '65201280070', 'นายภาคิน ศรีวรรณ์', '65201280070@utc.ac.th', 4, '11', NULL, 0),
(69, '65201280071', 'นายภูริพัฒ ยันงาม', '65201280071@utc.ac.th', 4, '11', NULL, 0),
(70, '65201280072', 'นายศุภวิชญ์ เอราวรรณ์', '65201280072@utc.ac.th', 4, '11', NULL, 0),
(71, '65201280073', 'นายนฤบดินทร์ วิจิตร์เชื้อ', '65201280073@utc.ac.th', 4, '11', NULL, 0),
(72, '65201280074', 'นายอนาวิล บุญครอง', '65201280074@utc.ac.th', 4, '11', NULL, 0),
(73, '65201280075', 'นายพิริยณัฐ มุทุจิตต์', '65201280075@utc.ac.th', 4, '11', NULL, 0),
(74, '65201280076', 'นายพุทธชาติ แสนเกษม', '65201280076@utc.ac.th', 4, '11', NULL, 0),
(75, '65201280077', 'นายเจษฎา วงศ์อ่อนศรี', '65201280077@utc.ac.th', 4, '11', NULL, 0),
(76, '65201280078', 'นางสาวอภิญญา เปรมทา', '65201280078@utc.ac.th', 4, '11', NULL, 0),
(77, '65201280079', 'นางสาวนฤมล เกาะแก้ว', '65201280079@utc.ac.th', 5, '12', NULL, 0),
(78, '65201280080', 'นางสาวณภัทร เนืองเนตร', '65201280080@utc.ac.th', 5, '12', NULL, 0),
(79, '65201280081', 'นางสาวรัศมีโชติ แสงเทศ', '65201280081@utc.ac.th', 5, '12', NULL, 0),
(80, '65201280082', 'นายภูริต ลดาดกจิรานนท์', '65201280082@utc.ac.th', 5, '12', NULL, 0),
(81, '65201280083', 'นายวชิรวิชญ์ วรรณกิจ', '65201280083@utc.ac.th', 5, '12', NULL, 0),
(82, '65201280084', 'นางสาวจันทร์เพ็ญ ศรีพันธ์', '65201280084@utc.ac.th', 5, '12', NULL, 0),
(83, '65201280085', 'นายปรมินทร์ ศักย์สยาม', '65201280085@utc.ac.th', 5, '12', NULL, 0),
(84, '65201280086', 'นายพงศ์พีช โสมเกษตรินทร์', '65201280086@utc.ac.th', 5, '12', NULL, 0),
(85, '65201280087', 'นายสุภชัย เทพเฉลิม', '65201280087@utc.ac.th', 5, '12', NULL, 0),
(86, '65201280088', 'นายกรพล สวัสดิ์ตระกูล', '65201280088@utc.ac.th', 5, '12', NULL, 0),
(87, '65201280089', 'นายธนวัฒน์ ศรีโพธิ์', '65201280089@utc.ac.th', 5, '12', NULL, 0),
(88, '65201280090', 'นายวาลย์ วังศรีแก้ว', '65201280090@utc.ac.th', 5, '12', NULL, 0),
(89, '65201280091', 'นายบริรักษณ์ ม่วงจันทร์', '65201280091@utc.ac.th', 5, '12', NULL, 0),
(90, '65201280092', 'นายชาคริต ศิริพันธ์', '65201280092@utc.ac.th', 5, '12', NULL, 0),
(91, '65201280093', 'นายนนทการ มณีกอง', '65201280093@utc.ac.th', 5, '12', NULL, 0),
(92, '65201280094', 'นายภคพล สุขมี', '65201280094@utc.ac.th', 5, '12', NULL, 0),
(93, '65201280095', 'นายนภัสกร วีระพันธ์', '65201280095@utc.ac.th', 5, '12', NULL, 0),
(94, '65201280096', 'นางสาววริศรา มีพันธ์', '65201280096@utc.ac.th', 5, '12', NULL, 0),
(95, '65201280097', 'นางสาวอภิรัตน์ แก่นมา', '65201280097@utc.ac.th', 5, '12', NULL, 0),
(96, '65201280098', 'นายณัฐปคันภ์ ครองยุติ', '65201280098@utc.ac.th', 5, '12', NULL, 0),
(97, '65201280099', 'นางสาวจิณณพัต จุดาบุตร', '65201280099@utc.ac.th', 5, '12', NULL, 0),
(98, '64201280001', 'นางสาวกนกวรรณ สุวรรณเนตร', '64201280001@utc.ac.th', 6, '2', NULL, 0),
(99, '64201280002', 'นางสาวกนกวรรณ เล็ดรอด', '64201280002@utc.ac.th', 6, '2', NULL, 0),
(100, '64201280003', 'นางสาวอารยา สองสี', '64201280003@utc.ac.th', 6, '2', NULL, 0),
(101, '64201280005', 'นายธันยธรณ์ ประสารวรณ์', '64201280005@utc.ac.th', 6, '2', NULL, 0),
(102, '64201280006', 'นายภาคิน วิลามาศ', '64201280006@utc.ac.th', 6, '2', NULL, 0),
(103, '64201280009', 'นายศิริวัฒน์ คำเวบูลย์', '64201280009@utc.ac.th', 6, '2', NULL, 0),
(104, '64201280010', 'นายธนัช มณีงาม', '64201280010@utc.ac.th', 6, '2', NULL, 0),
(105, '64201280011', 'นางสาวศศิปภรณ์ กุมแก้ว', '64201280011@utc.ac.th', 6, '2', NULL, 0),
(106, '64201280012', 'นายคุณานนต์ วิสาท', '64201280012@utc.ac.th', 6, '2', NULL, 0),
(107, '64201280013', 'นายวรวรรธน์ เตรียมกรม', '64201280013@utc.ac.th', 6, '2', NULL, 0),
(108, '64201280014', 'นายธนากร หนูมี', '64201280014@utc.ac.th', 6, '2', NULL, 0),
(109, '64201280015', 'นายธนดล กาละบุตร', '64201280015@utc.ac.th', 6, '2', NULL, 0),
(110, '64201280017', 'นายกิตติพัฒน์ โสภาพันธ์', '64201280017@utc.ac.th', 6, '2', NULL, 0),
(111, '64201280018', 'นายศรายุทธ เรื่อศรีจันทร์', '64201280018@utc.ac.th', 6, '2', NULL, 0),
(112, '64201280019', 'นายปวริศร์ สุขประเสริฐ', '64201280019@utc.ac.th', 6, '2', NULL, 0),
(113, '64201280020', 'นายพีรภัทร ชุมศรี', '64201280020@utc.ac.th', 6, '2', NULL, 0),
(114, '64201280021', 'นางสาวขวัญฤทัย ผาสิน', '64201280021@utc.ac.th', 6, '2', NULL, 0),
(115, '64201280022', 'นายอมรเทพ โพธิวงศ์', '64201280022@utc.ac.th', 6, '3', NULL, 0),
(116, '64201280024', 'นายสิทธินนท์ พระโรจน์', '64201280024@utc.ac.th', 6, '3', NULL, 0),
(117, '64201280025', 'นายฉัตรชัย โสวรรณี', '64201280025@utc.ac.th', 6, '3', NULL, 0),
(118, '64201280026', 'นายณัฎฐวิตร นามพิทักษ์', '64201280026@utc.ac.th', 6, '3', NULL, 0),
(119, '64201280027', 'นายวีระศักดิ์ จารุจิต', '64201280027@utc.ac.th', 6, '3', NULL, 0),
(120, '64201280028', 'นายจีระวัฒน์ อ่อนอัฐ', '64201280028@utc.ac.th', 6, '3', NULL, 0),
(121, '64201280029', 'นายอชิรายุ ป่าสิงห์', '64201280029@utc.ac.th', 6, '3', NULL, 0),
(122, '64201280031', 'นายณัฐวัฒน์ หุปะโก', '64201280031@utc.ac.th', 6, '3', NULL, 0),
(123, '64201280032', 'นายสันติภาพ บัวทุม', '64201280032@utc.ac.th', 6, '3', NULL, 0),
(124, '64201280033', 'นายวินทกร วิลาวัลย์', '64201280033@utc.ac.th', 6, '3', NULL, 0),
(125, '64201280034', 'นายเสริมพงษ์ ภักดีบุตร', '64201280034@utc.ac.th', 6, '3', NULL, 0),
(126, '64201280035', 'นายกิตติสรณ์ จันทรไตรรัตน', '64201280035@utc.ac.th', 6, '3', NULL, 0),
(127, '64201280036', 'นายบุญญฤทธิ์ วรรณคำ', '64201280036@utc.ac.th', 6, '3', NULL, 0),
(128, '64201280038', 'นายปาณวัฒน์ การัตน์', '64201280038@utc.ac.th', 6, '3', NULL, 0),
(129, '64201280039', 'นายวิศรุต วรรณทอง', '64201280039@utc.ac.th', 6, '3', NULL, 0),
(130, '64201280040', 'นายบุญธรรม คำบุญมา', '64201280040@utc.ac.th', 6, '3', NULL, 0),
(131, '64201280041', 'นายณัฐพงค์ สุวรรณเขต', '64201280041@utc.ac.th', 6, '3', NULL, 0),
(132, '64201280042', 'นายจิรภัทร เผือดผุด', '64201280042@utc.ac.th', 7, '4', NULL, 0),
(133, '64201280044', 'นายอภินันทวัฒน์ จันทะคำแพง', '64201280044@utc.ac.th', 7, '4', NULL, 0),
(134, '64201280045', 'นายอริย์ธัช ศิริวรรณ', '64201280045@utc.ac.th', 7, '4', NULL, 0),
(135, '64201280046', 'นายมงคล ทรารมย์', '64201280046@utc.ac.th', 7, '4', NULL, 0),
(136, '64201280047', 'นางสาวกรพิน ด้วงทอง', '64201280047@utc.ac.th', 7, '4', NULL, 0),
(137, '64201280048', 'นายนัฐพล แสนทวีสุข', '64201280048@utc.ac.th', 7, '4', NULL, 0),
(138, '64201280049', 'นายณัฐดนัย จันทโรทัยไพจิตร์', '64201280049@utc.ac.th', 7, '4', NULL, 0),
(139, '64201280050', 'นายวีระวัฒน์ เสริมสุข', '64201280050@utc.ac.th', 7, '4', NULL, 0),
(140, '64201280051', 'นางสาวจุฬาลักษณ์ ทองรวง', '64201280051@utc.ac.th', 7, '4', NULL, 0),
(141, '64201280052', 'นายธนกร วงศ์กาศ', '64201280052@utc.ac.th', 7, '4', NULL, 0),
(142, '64201280053', 'นายเจษฎา ปล้องพาล', '64201280053@utc.ac.th', 7, '4', NULL, 0),
(143, '64201280057', 'นายภานุเดช สมกอง', '64201280057@utc.ac.th', 7, '4', NULL, 0),
(144, '64201280059', 'นายอภิรัตน์ เฉลาพักตร์', '64201280059@utc.ac.th', 7, '4', NULL, 0),
(145, '64201280061', 'นายเกษมชัย เสือพงษ์', '64201280061@utc.ac.th', 7, '4', NULL, 0),
(146, '64201280063', 'นายธนากร พรหมสิงห์', '64201280063@utc.ac.th', 7, '11', NULL, 0),
(147, '64201280064', 'นายริกิ การะเกษ', '64201280064@utc.ac.th', 7, '11', NULL, 0),
(148, '64201280066', 'นายจักรพันธ์ ภูมิหมั่น', '64201280066@utc.ac.th', 7, '11', NULL, 0),
(149, '64201280067', 'นางสาววลินดา อันทะศรี', '64201280067@utc.ac.th', 7, '11', NULL, 0),
(150, '64201280068', 'นายทวีรัฐ ชูบรรจง', '64201280068@utc.ac.th', 7, '11', NULL, 0),
(151, '64201280069', 'นางสาวธัญพิชชา นาคำ', '64201280069@utc.ac.th', 7, '11', NULL, 0),
(152, '64201280070', 'นายอนวัช ศรีระบุตร', '64201280070@utc.ac.th', 7, '11', NULL, 0),
(153, '64201280072', 'นายรัฐภูมิ คชรักษ์', '64201280072@utc.ac.th', 7, '11', NULL, 0),
(154, '64201280073', 'นายคุณาสิน กำกระโทก', '64201280073@utc.ac.th', 7, '11', NULL, 0),
(155, '64201280076', 'นายธนัญชัย สาสีมา', '64201280076@utc.ac.th', 7, '11', NULL, 0),
(156, '63201280001', 'นางสาวอัญชลี สุทธิรัตน์', '63201280001@utc.ac.th', 8, '2', '25465', 0),
(157, '63201280003', 'นางสาวอรุณรัตน์ อิ่มใจ', '63201280003@utc.ac.th', 8, '2', NULL, 0),
(158, '63201280004', 'นายธนัตถ์ ภูบรรสุข', '63201280004@utc.ac.th', 8, '2', NULL, 0),
(159, '63201280005', 'นายธีรนันท์ ผลศักกรี', '63201280005@utc.ac.th', 8, '2', NULL, 0),
(160, '63201280007', 'นายตะวัน บัวปล้อง', '63201280007@utc.ac.th', 8, '2', NULL, 0),
(161, '63201280008', 'นายธนวิชญ์ อินลี', '63201280008@utc.ac.th', 8, '2', NULL, 0),
(162, '63201280009', 'นางสาวเพชรอมร จงหาญ', '63201280009@utc.ac.th', 8, '2', NULL, 0),
(163, '63201280010', 'นายชลสิทธิ์ หมู่แก้ว', '63201280010@utc.ac.th', 8, '2', NULL, 0),
(164, '63201280011', 'นายพันธกร กองกิริต', '63201280011@utc.ac.th', 8, '2', NULL, 0),
(165, '63201280012', 'นายเอื้ออังกูร โพธิ์ศรี', '63201280012@utc.ac.th', 8, '2', NULL, 0),
(166, '63201280013', 'นายสรอรรถ จันทร์นนท์', '63201280013@utc.ac.th', 8, '2', '90578', 0),
(167, '63201280014', 'นายภคิณ จันจุฬา', '63201280014@utc.ac.th', 8, '2', NULL, 0),
(168, '63201280016', 'นายนฤเบศ ศรีระบุตร', '63201280016@utc.ac.th', 8, '2', NULL, 0),
(169, '63201280019', 'นายภูริพัฒน์ เรืองธรรม', '63201280019@utc.ac.th', 8, '2', NULL, 0),
(170, '63201280020', 'นายณัฐวุฒิ สุตาสุข', '63201280020@utc.ac.th', 8, '2', '23627', 0),
(171, '63201280021', 'นายฑีรมินทร์ สิทธิพันธ์', '63201280021@utc.ac.th', 8, '3', NULL, 0),
(172, '63201280022', 'นายอธิคม วงศ์โสภา', '63201280022@utc.ac.th', 8, '3', '96352', 0),
(173, '63201280023', 'นายจิรภัทร ผ่องจิตร', '63201280023@utc.ac.th', 8, '3', NULL, 0),
(174, '63201280024', 'นายรชตะ มุสิกสาร', '63201280024@utc.ac.th', 8, '3', NULL, 0),
(175, '63201280025', 'นายภูรีพัชร์ ศรีโชติกราณต์', '63201280025@utc.ac.th', 8, '3', NULL, 0),
(176, '63201280026', 'นายจตุรภัทร ดวงดี', '63201280026@utc.ac.th', 8, '3', NULL, 0),
(177, '63201280027', 'นายปรีชา ประสพบุญ', '63201280027@utc.ac.th', 8, '3', NULL, 0),
(178, '63201280028', 'นายยศกร มาลัยพวง', '63201280028@utc.ac.th', 8, '3', NULL, 0),
(179, '63201280032', 'นายภูริทัต ผงสันเทียะ', '63201280032@utc.ac.th', 8, '3', NULL, 0),
(180, '63201280033', 'นายจิรายุ แสงกล้า', '63201280033@utc.ac.th', 8, '3', NULL, 0),
(181, '63201280035', 'นายเดชา กาฬเกษ', '63201280035@utc.ac.th', 8, '3', NULL, 0),
(182, '63201280036', 'นายพีรพัฒน์ รอยศรี', '63201280036@utc.ac.th', 8, '3', NULL, 0),
(183, '63201280038', 'นายนนทวัฒน์ บุตรบัว', '63201280038@utc.ac.th', 8, '3', NULL, 0),
(184, '63201280039', 'นายอเนก เยี่ยมมานาน', '63201280039@utc.ac.th', 8, '3', NULL, 0),
(185, '63201280040', 'นายเศรษฐพงศ์ ใจอักษร', '63201280040@utc.ac.th', 8, '3', NULL, 0),
(186, '63201280106', 'นายณัฐฤกษ์ ขอคตสำโรง', '63201280106@utc.ac.th', 8, '3', NULL, 0),
(187, '63201280042', 'นางสาวกาญจนาพร พัฒนสระคู', '63201280042@utc.ac.th', 9, '4', NULL, 0),
(188, '63201280043', 'นายจิตติพัฒน์ จันทุมา', '63201280043@utc.ac.th', 9, '4', NULL, 0),
(189, '63201280044', 'นายสกรรจ์ กลิ่นชาติ', '63201280044@utc.ac.th', 9, '4', NULL, 0),
(190, '63201280045', 'นายปริวัฒน์ ชนะกุล', '63201280045@utc.ac.th', 9, '4', NULL, 0),
(191, '63201280046', 'นายวรากร เกษเพ็ชร์', '63201280046@utc.ac.th', 9, '4', NULL, 0),
(192, '63201280048', 'นายธีรวัชธนิน ไชยกุล', '63201280048@utc.ac.th', 9, '4', NULL, 0),
(193, '63201280049', 'นายสิทธินันท์ ลาธุลี', '63201280049@utc.ac.th', 9, '4', NULL, 0),
(194, '63201280050', 'นายวีรพันธ์ สาริกา', '63201280050@utc.ac.th', 9, '4', NULL, 0),
(195, '63201280051', 'นายภานุเดช บำรุงผล', '63201280051@utc.ac.th', 9, '4', NULL, 0),
(196, '63201280057', 'นายสิรภพ จึงกาญจนา', '63201280057@utc.ac.th', 9, '4', NULL, 0),
(197, '63201280058', 'นายจิรวัฒน์ ดวงธนู', '63201280058@utc.ac.th', 9, '4', NULL, 0),
(198, '63201280059', 'นายกิตติธัช จันทนาม', '63201280059@utc.ac.th', 9, '4', NULL, 0),
(199, '63201280062', 'นายเจษฎาพร สีอ่อน', '63201280062@utc.ac.th', 9, '11', NULL, 0),
(200, '63201280063', 'นายน่านฟ้า เกณทวี', '63201280063@utc.ac.th', 9, '11', NULL, 0),
(201, '63201280064', 'นายวัฒนชัย การบุญ', '63201280064@utc.ac.th', 9, '11', NULL, 0),
(202, '63201280065', 'นายธรรมรัตน์ สุขประเสริฐ', '63201280065@utc.ac.th', 9, '11', NULL, 0),
(203, '63201280066', 'นายกฤษฎา พิมเบ้าธรรม', '63201280066@utc.ac.th', 9, '11', NULL, 0),
(204, '63201280067', 'นางสาวศิริลักษณ์ บุญพา', '63201280067@utc.ac.th', 9, '11', NULL, 0),
(205, '63201280068', 'นายธนพล หรุ่นนุพันธ์', '63201280068@utc.ac.th', 9, '11', NULL, 0),
(206, '63201280070', 'นายภัคพล จรุงวัฒนานนท์', '63201280070@utc.ac.th', 9, '11', NULL, 0),
(207, '63201280071', 'นายธนนันต์ มุกดากุล', '63201280071@utc.ac.th', 9, '11', NULL, 0),
(208, '63201280072', 'นายกฤตพนธ์ กลางเมือง', '63201280072@utc.ac.th', 9, '11', NULL, 0),
(209, '63201280074', 'นายอาดามัน หมาดสกุล', '63201280074@utc.ac.th', 9, '11', NULL, 0),
(210, '63201280075', 'นางสาวปาริชาติ แสงใส', '63201280075@utc.ac.th', 9, '11', NULL, 0),
(211, '63201280076', 'นายภูวดล ชมภูบุตร', '63201280076@utc.ac.th', 9, '11', NULL, 0),
(212, '63201280078', 'นายวิษณุกร เคณประคอง', '63201280078@utc.ac.th', 9, '11', NULL, 0),
(213, '63201280079', 'นายอาชานนท์ เพ็งพันธ์', '63201280079@utc.ac.th', 9, '11', NULL, 0),
(214, '63201280080', 'นายณภุต สมสิทธิ์พร', '63201280080@utc.ac.th', 9, '11', NULL, 0),
(215, '63201280081', 'นายวราวัฒน์ ทองใบ', '63201280081@utc.ac.th', 10, '12', NULL, 0),
(216, '63201280082', 'นายราชพฤกษ์ สมศรี', '63201280082@utc.ac.th', 10, '12', NULL, 0),
(217, '63201280083', 'นายภูริภัทร คำหว่าน', '63201280083@utc.ac.th', 10, '12', NULL, 0),
(218, '63201280084', 'นายรัชชานนท์ เพิ่มพูล', '63201280084@utc.ac.th', 10, '12', NULL, 0),
(219, '63201280085', 'นางสาวธนพร ชัยสุระ', '63201280085@utc.ac.th', 10, '12', NULL, 0),
(220, '63201280089', 'นายสุทธิพงษ์ แช่มชื่น', '63201280089@utc.ac.th', 10, '12', NULL, 0),
(221, '63201280091', 'นายภูสิทธิ์ เคนสาลี', '63201280091@utc.ac.th', 10, '12', NULL, 0),
(222, '63201280094', 'นายกฤตพล นวลปักษี', '63201280094@utc.ac.th', 10, '12', NULL, 0),
(223, '63201280095', 'นายศุภดิตภ์ บุญสุข', '63201280095@utc.ac.th', 10, '12', NULL, 0),
(224, '63201280096', 'นายธีทัต นิโรจน์', '63201280096@utc.ac.th', 10, '12', NULL, 0),
(225, '63201280100', 'นางสาวมยุรี คำทวี', '63201280100@utc.ac.th', 10, '12', NULL, 0),
(226, '63201280101', 'นายธนรัฐ สิงห์บุญตา', '63201280101@utc.ac.th', 10, '12', NULL, 0),
(227, '63201280102', 'นางสาวขณิษฐา พงษ์เผ่าไทย', '63201280102@utc.ac.th', 10, '12', NULL, 0),
(228, '63201280103', 'นายอานุภาพ เชียงสาย', '63201280103@utc.ac.th', 10, '12', NULL, 0),
(229, '65301282024', 'นายกมัยเทพ ขันทะโข', '65301282024@utc.ac.th', 11, '3', NULL, 0),
(230, '65301282025', 'นางสาวเกศรา ทำสอาด', '65301282025@utc.ac.th', 11, '3', NULL, 0),
(231, '65301282026', 'นางสาวสุภาวิณี เหล่าสวัสดิ์', '65301282026@utc.ac.th', 11, '3', NULL, 0),
(232, '65301282027', 'นายจักรพรรดิ สาธร', '65301282027@utc.ac.th', 11, '3', NULL, 0),
(233, '65301282028', 'นางสาวณัฐชา คุณพาที', '65301282028@utc.ac.th', 11, '3', NULL, 0),
(234, '65301282029', 'นางสาวกนกอร สุคติ', '65301282029@utc.ac.th', 11, '3', NULL, 0),
(235, '65301282030', 'นางสาวศิริรัตน์ แฝงเดช', '65301282030@utc.ac.th', 11, '3', NULL, 0),
(236, '65301282031', 'นางสาวสุนันทา อุ้มบุญ', '65301282031@utc.ac.th', 11, '3', NULL, 0),
(237, '65301282032', 'นางสาวธันย์ชนก หารวย', '65301282032@utc.ac.th', 11, '3', NULL, 0),
(238, '65301282033', 'นายศราวุธ คุนิรัตน์', '65301282033@utc.ac.th', 11, '3', NULL, 0),
(239, '65301282034', 'นายภาสกร สายเบาะ', '65301282034@utc.ac.th', 11, '3', NULL, 0),
(240, '65301282035', 'นายณัฐวุฒิ สายมณี', '65301282035@utc.ac.th', 11, '3', NULL, 0),
(241, '65301282036', 'นางสาวปาริชาติ จันดี', '65301282036@utc.ac.th', 11, '3', NULL, 0),
(242, '65301282037', 'นางสาวกนกวรรณ พัฒพันธ์', '65301282037@utc.ac.th', 11, '3', NULL, 0),
(243, '65301282038', 'นางสาววันเพ็ญ แก้วบัวเคน', '65301282038@utc.ac.th', 11, '3', NULL, 0),
(244, '65301282039', 'นายกสิกร เนียมสันเทียะ', '65301282039@utc.ac.th', 11, '3', NULL, 0),
(245, '65301282040', 'นางสาวกันยารัตน์ ทองถม', '65301282040@utc.ac.th', 11, '3', NULL, 0),
(246, '65301282041', 'นางสาวศุภนิดา หอมสมบัติ', '65301282041@utc.ac.th', 11, '3', NULL, 0),
(247, '65301282042', 'นายนราธิป สิงห์นาค', '65301282042@utc.ac.th', 11, '3', NULL, 0),
(248, '65301282043', 'นางสาวฤทัย นนท์ศิริ', '65301282043@utc.ac.th', 11, '3', NULL, 0),
(249, '65301282044', 'นางสาวพัชราภา พิมพ์มีลาย', '65301282044@utc.ac.th', 11, '3', NULL, 0),
(250, '65301282045', 'นายพิทวัส บุญเสนอ', '65301282045@utc.ac.th', 11, '3', NULL, 0),
(251, '65301282046', 'นางสาวทิพวรรณ บุญวัง', '65301282046@utc.ac.th', 11, '3', NULL, 0),
(252, '65301282001', 'นางสาวสุวิชาดา ตรีหาญ', '65301282001@utc.ac.th', 11, '2', NULL, 0),
(253, '65301282002', 'นายอลงกรณ์ สงครินทร์', '65301282002@utc.ac.th', 11, '2', NULL, 0),
(254, '65301282003', 'นายณัฐพล จันทร์ทวายศ', '65301282003@utc.ac.th', 11, '2', NULL, 0),
(255, '65301282004', 'นางสาวกัลยา แก้วโวหาญ', '65301282004@utc.ac.th', 11, '2', NULL, 0),
(256, '65301282005', 'นายธนภูมิ สมสุข', '65301282005@utc.ac.th', 11, '2', NULL, 0),
(257, '65301282006', 'นางสาวอรฉัตร มิ่งขวัญ', '65301282006@utc.ac.th', 11, '2', NULL, 0),
(258, '65301282007', 'นางสาวสุจิรา พาภิรมย์', '65301282007@utc.ac.th', 11, '2', NULL, 0),
(259, '65301282008', 'นางสาวจุรีภรณ์ แฝงบุญ', '65301282008@utc.ac.th', 11, '2', NULL, 0),
(260, '65301282009', 'นายบุญญฤทธิ์ กาญจนพันธ์', '65301282009@utc.ac.th', 11, '2', NULL, 0),
(261, '65301282010', 'นางสาวเมทนี วงษาลี', '65301282010@utc.ac.th', 11, '2', NULL, 0),
(262, '65301282011', 'นางสาวสุพรรณี คำสุข', '65301282011@utc.ac.th', 11, '2', NULL, 0),
(263, '65301282013', 'นายอัครเดช กล้าหาญ', '65301282013@utc.ac.th', 11, '2', NULL, 0),
(264, '65301282014', 'นายเนติศักดิ์ ภิญโญยศโสภณ', '65301282014@utc.ac.th', 11, '2', NULL, 0),
(265, '65301282015', 'นางสาวสุภาวิดา คูณราช', '65301282015@utc.ac.th', 11, '2', NULL, 0),
(266, '65301282016', 'นายเกรียงไกร จูมทอง', '65301282016@utc.ac.th', 11, '2', NULL, 0),
(267, '65301282017', 'นางสาวอริศรา จันดากุล', '65301282017@utc.ac.th', 11, '2', NULL, 0),
(268, '65301282018', 'นางสาวกัญญาพัชร จารุการ', '65301282018@utc.ac.th', 11, '2', NULL, 0),
(269, '65301282019', 'นางสาวจารุวรรณ ทวีพัฒน์', '65301282019@utc.ac.th', 11, '2', NULL, 0),
(270, '65301282020', 'นายชยพล ประทุมชาติ', '65301282020@utc.ac.th', 11, '2', NULL, 0),
(271, '65301282021', 'นายธีรดลย์ บุญญรัตน์', '65301282021@utc.ac.th', 11, '2', NULL, 0),
(272, '65301282022', 'นายอดิเทพ สีแสด', '65301282022@utc.ac.th', 11, '2', NULL, 0),
(273, '65301282023', 'นายนพรัตน์ รักถิ่น', '65301282023@utc.ac.th', 11, '2', NULL, 0),
(274, '65301284001', 'นางสาวณุชฎารัตน์ พามา', '65301284001@utc.ac.th', 12, '2', NULL, 0),
(275, '65301284002', 'นายสิทธิโชค โกกาพันธ์', '65301284002@utc.ac.th', 12, '2', NULL, 0),
(276, '65301284003', 'นางสาวพรรณภัทร ศรีเอิบ', '65301284003@utc.ac.th', 12, '2', NULL, 0),
(277, '65301284004', 'นายศิวดล เรือนเงิน', '65301284004@utc.ac.th', 12, '2', NULL, 0),
(278, '65301284005', 'นายสุรสิงห์ จันทคูณ', '65301284005@utc.ac.th', 12, '2', NULL, 0),
(279, '65301284006', 'นางสาวขนิษฐา วิลาวรรณ', '65301284006@utc.ac.th', 12, '2', NULL, 0),
(280, '65301284007', 'นางสาวกัลยาณี วิชัย', '65301284007@utc.ac.th', 12, '2', NULL, 0),
(281, '65301284008', 'นายวชิราวุธ ประเสระกัง', '65301284008@utc.ac.th', 12, '2', NULL, 0),
(282, '65301284009', 'นายชาญพิชย์ หวานอารมย์', '65301284009@utc.ac.th', 12, '2', NULL, 0),
(283, '65301284010', 'นางสาวอารีรัตน์ ประสมรักษ์', '65301284010@utc.ac.th', 12, '2', NULL, 0),
(284, '65301284011', 'นายทรงพล สาริบุตร', '65301284011@utc.ac.th', 12, '2', NULL, 0),
(285, '65301284012', 'นางสาวชลยา จิตรสิงห์', '65301284012@utc.ac.th', 12, '2', NULL, 0),
(286, '65301284013', 'นายอภิวัฒน์ สืบสวน', '65301284013@utc.ac.th', 12, '2', NULL, 0),
(287, '65301284014', 'นายอภิสิทธิ์ กุลสิงห์', '65301284014@utc.ac.th', 12, '2', NULL, 0),
(288, '65301284015', 'นางสาวมงคลทิพย์ จันทร์ทอง', '65301284015@utc.ac.th', 12, '2', NULL, 0),
(289, '65301284016', 'นายนนทพัทธ์ คณะพันธ์', '65301284016@utc.ac.th', 12, '2', NULL, 0),
(290, '65301284018', 'นางสาวเปี่ยมฤทัย สุระภา', '65301284018@utc.ac.th', 12, '2', NULL, 0),
(291, '65301284019', 'นางสาวรุ่งทิพย์ วงค์ใหญ่', '65301284019@utc.ac.th', 12, '2', NULL, 0),
(292, '65301284020', 'นายปฏิวัติ ชะลูด', '65301284020@utc.ac.th', 12, '2', NULL, 0),
(293, '65301284021', 'นางสาวพิมพ์นภา วันหลัง', '65301284021@utc.ac.th', 12, '2', NULL, 0),
(294, '65301284022', 'นายพัฒนพร แก้วพรมภักดี', '65301284022@utc.ac.th', 12, '3', NULL, 0),
(295, '65301284023', 'นายธนวัฒท์ วัลภา', '65301284023@utc.ac.th', 12, '3', NULL, 0),
(296, '65301284024', 'นางสาวแทมรีน วรรณสุข', '65301284024@utc.ac.th', 12, '3', NULL, 0),
(297, '65301284025', 'นายทินกร ป้องพิมพ์', '65301284025@utc.ac.th', 12, '3', NULL, 0),
(298, '65301284026', 'นายอานนท์ เยี่ยมมานาน', '65301284026@utc.ac.th', 12, '3', NULL, 0),
(299, '65301284027', 'นายภาคิน แห่งธรรม', '65301284027@utc.ac.th', 12, '3', NULL, 0),
(300, '65301284028', 'นางสาวธันญาพร ชาญนอก', '65301284028@utc.ac.th', 12, '3', NULL, 0),
(301, '65301284029', 'นางสาวศุณัตตา วงศ์สมบัติ', '65301284029@utc.ac.th', 12, '3', NULL, 0),
(302, '65301284030', 'นายณัฐดนัย ชวนชม', '65301284030@utc.ac.th', 12, '3', NULL, 0),
(303, '65301284031', 'นายธนวัฒน์ สายแวว', '65301284031@utc.ac.th', 12, '3', NULL, 0),
(304, '65301284032', 'นายพงศธร บุญทอง', '65301284032@utc.ac.th', 12, '3', NULL, 0),
(305, '65301284033', 'นางสาวจีรนันท์ สามารถ', '65301284033@utc.ac.th', 12, '3', NULL, 0),
(306, '65301284034', 'นายวีรภัทร รัตนานุกูล', '65301284034@utc.ac.th', 12, '3', NULL, 0),
(307, '65301284035', 'นางสาวศิรินันท์ คำโสภา', '65301284035@utc.ac.th', 12, '3', NULL, 0),
(308, '65301284036', 'นายภาคภูมิ สุ่นจันทร์', '65301284036@utc.ac.th', 12, '3', NULL, 0),
(309, '65301284037', 'นายทิชากร ศรีวิศร', '65301284037@utc.ac.th', 12, '3', NULL, 0),
(310, '65301284038', 'นายเมธาสิทธิ์ ทาวงศา', '65301284038@utc.ac.th', 12, '3', NULL, 0),
(311, '65301284039', 'นายสหรักษ์ ภูบุตระ', '65301284039@utc.ac.th', 12, '3', NULL, 0),
(312, '65301284040', 'นายจีรพัฒน์ สายป้อง', '65301284040@utc.ac.th', 12, '3', NULL, 0),
(313, '65301284041', 'นายศรัณญ์ โควสุรัตน์', '65301284041@utc.ac.th', 12, '3', NULL, 0),
(314, '65301284042', 'นางสาวสุพรรษา มีจอม', '65301284042@utc.ac.th', 12, '3', NULL, 0),
(315, '65301281001', 'นายนพรัตน์ ปามุทา', '65301281001@utc.ac.th', 13, '2', NULL, 0),
(316, '65301281002', 'นางสาวนัฐสุดา อนุวรรณ', '65301281002@utc.ac.th', 13, '2', NULL, 0),
(317, '65301281003', 'นางสาวชนิกานต์ ภาณะรมย์', '65301281003@utc.ac.th', 13, '2', NULL, 0),
(318, '65301281005', 'นายวุฒิชัย นามลักษ์', '65301281005@utc.ac.th', 13, '2', NULL, 0),
(319, '65301281006', 'นางสาววรัญญา ภาวงค์', '65301281006@utc.ac.th', 13, '2', NULL, 0),
(320, '65301281007', 'นายแสงเงิน ขันทะโป', '65301281007@utc.ac.th', 13, '2', NULL, 0),
(321, '65301281008', 'นายวีระภัทร บุญยืด', '65301281008@utc.ac.th', 13, '2', NULL, 0),
(322, '65301281009', 'นายธนวิชญ์ ร่างกายดี', '65301281009@utc.ac.th', 13, '2', NULL, 0),
(323, '65301281010', 'นายสุวรรณชาต บุญยะมูล', '65301281010@utc.ac.th', 13, '2', NULL, 0),
(324, '65301281011', 'นายปรมินทร์ ศรีวัฒนาพล', '65301281011@utc.ac.th', 13, '2', NULL, 0),
(325, '65301281012', 'นางสาวผกามาส กันยาสาย', '65301281012@utc.ac.th', 13, '2', NULL, 0),
(326, '65301281013', 'นางสาววันทนีย์ แสงทอง', '65301281013@utc.ac.th', 13, '2', NULL, 0),
(327, '65301281014', 'นายโชคชัย ชายทวีป', '65301281014@utc.ac.th', 13, '2', NULL, 0),
(328, '64301282001', 'นางสาวเชิญพร ศรีสุทโธ', '64301282001@utc.ac.th', 14, '2', NULL, 0),
(329, '64301282002', 'นายนันทวัฒน์ วงศ์บุตรดี', '64301282002@utc.ac.th', 14, '2', '39150', 0),
(330, '64301282003', 'นายณัฐปคัลภ์ สมบูรณ์', '64301282003@utc.ac.th', 14, '2', NULL, 0),
(331, '64301282004', 'นายวีระพงษ์ สุราโพธิ์', '64301282004@utc.ac.th', 14, '2', '59544', 0),
(332, '64301282005', 'นายนนทวัฒน์ บุญจริง', '64301282005@utc.ac.th', 14, '2', '62874', 0),
(333, '64301282006', 'นายภาริณัฐ กัญญะลา', '64301282006@utc.ac.th', 14, '2', NULL, 0),
(334, '64301282008', 'นายยุทธพงษ์ กตะศิลา', '64301282008@utc.ac.th', 14, '2', NULL, 0),
(335, '64301282009', 'นายวีรภัทร ศรีคำ', '64301282009@utc.ac.th', 14, '2', NULL, 0),
(336, '64301282010', 'นายธีรเทพ ประทุมชาติ', '64301282010@utc.ac.th', 14, '2', NULL, 0),
(337, '64301282011', 'นายวรินทร์ ภัทรสิริโชติหิรัญ', '64301282011@utc.ac.th', 14, '2', NULL, 0),
(338, '64301282012', 'นายบุญญเณจฉ์ นิลเกษ', '64301282012@utc.ac.th', 14, '2', NULL, 0),
(339, '64301282013', 'นายชัยวัฒน์ ทิวาพัฒน์', '64301282013@utc.ac.th', 14, '2', NULL, 0),
(340, '64301282014', 'นางสาวศุภรัตน์ หลักทอง', '64301282014@utc.ac.th', 14, '2', NULL, 0),
(341, '64301282015', 'นายภาคิน สุตันตั้งใจ', '64301282015@utc.ac.th', 14, '2', NULL, 0),
(342, '64301282017', 'นายประวิทย์ แก้วโรจน์', '64301282017@utc.ac.th', 14, '2', NULL, 0),
(343, '64301282018', 'นายธรรมศักดิ์ นาคา', '64301282018@utc.ac.th', 14, '2', '80843', 0),
(344, '64301282019', 'นางสาวปริชญา โพธิชัย', '64301282019@utc.ac.th', 14, '2', NULL, 0),
(345, '64301282020', 'นางสาวกุลิศรา อินม่วง', '64301282020@utc.ac.th', 14, '2', NULL, 0),
(346, '64301282021', 'นายศักดิ์ชัย เห็นดี', '64301282021@utc.ac.th', 14, '2', NULL, 0),
(347, '64301282022', 'นายกิตติภัค เพชรแวว', '64301282022@utc.ac.th', 14, '2', '74505', 0),
(348, '64301282044', 'นายเกรียงศักดิ์ ปัตถาภูมิพัชร์', '64301282044@utc.ac.th', 14, '2', NULL, 0),
(349, '64301282023', 'นายธนัญชัย ซาเสน', '64301282023@utc.ac.th', 14, '3', NULL, 0),
(350, '64301282024', 'นายอชิตพล พจมานเมธี', '64301282024@utc.ac.th', 14, '3', NULL, 0),
(351, '64301282025', 'นายรักพงษ์ ทองวีระพัฒน์', '64301282025@utc.ac.th', 14, '3', NULL, 0),
(352, '64301282026', 'นายพิพัฒน์พงศ์ ศรีพรม', '64301282026@utc.ac.th', 14, '3', NULL, 0),
(353, '64301282027', 'นางสาวธนิตา แก้วอาสา', '64301282027@utc.ac.th', 14, '3', NULL, 0),
(354, '64301282028', 'นายสิทธิศักดิ์ เทพอาษา', '64301282028@utc.ac.th', 14, '3', NULL, 0),
(355, '64301282029', 'นางสาวชไมพร พันธ์ใหญ่', '64301282029@utc.ac.th', 14, '3', NULL, 0),
(356, '64301282030', 'นายนวฤกษ์ ภูสีน้ำ', '64301282030@utc.ac.th', 14, '3', NULL, 0),
(357, '64301282031', 'นางสาวเพชรา บุญทอง', '64301282031@utc.ac.th', 14, '3', NULL, 0),
(358, '64301282033', 'นายอภิชาติ พานิชกุล', '64301282033@utc.ac.th', 14, '3', NULL, 0),
(359, '64301282034', 'นางสาวกาญจนา ผิวนวล', '64301282034@utc.ac.th', 14, '3', NULL, 0),
(360, '64301282035', 'นางสาวสุภัทรา ภิลาวัลย์', '64301282035@utc.ac.th', 14, '3', NULL, 0),
(361, '64301282036', 'นางสาวกุสุมา แซ่โฮ', '64301282036@utc.ac.th', 14, '3', NULL, 0),
(362, '64301282037', 'นางสาวจิราพร กองวงค์', '64301282037@utc.ac.th', 14, '3', NULL, 0),
(363, '64301282038', 'นายณัฐพัชร์ แสนอ้วน', '64301282038@utc.ac.th', 14, '3', NULL, 0),
(364, '64301282039', 'นายอภิรักษ์ สุนทรารักษ์', '64301282039@utc.ac.th', 14, '3', NULL, 0),
(365, '64301282040', 'นางสาวสุพรรณี มะณีภาค', '64301282040@utc.ac.th', 14, '3', NULL, 0),
(366, '64301282041', 'นางสาวอภิญญา สีส่วน', '64301282041@utc.ac.th', 14, '3', NULL, 0),
(367, '64301282042', 'นายวชรพล ปัสสาสิงห์', '64301282042@utc.ac.th', 14, '3', NULL, 0),
(368, '64301282043', 'นางสาวอัญชิษฐา ตูมหอม', '64301282043@utc.ac.th', 14, '3', NULL, 0),
(369, '64301283001', 'นางสาววิลาวัลย์ มูลทา', '64301283001@utc.ac.th', 16, '2', NULL, 0),
(370, '64301283002', 'นางสาวศิริพรรณ ทัยอ่อน', '64301283002@utc.ac.th', 16, '2', NULL, 0),
(371, '64301283003', 'นางสาวอรอนงค์ สุภรัตน์', '64301283003@utc.ac.th', 16, '2', NULL, 0),
(372, '64301283004', 'นางสาวเพชรินทร์ นาคำ', '64301283004@utc.ac.th', 16, '2', NULL, 0),
(373, '64301283005', 'นางสาวอัปสรสวรรค์ หลังคา', '64301283005@utc.ac.th', 16, '2', NULL, 0),
(374, '64301283006', 'นางสาวอภิศมัย นาถาพันธ์', '64301283006@utc.ac.th', 16, '2', NULL, 0),
(375, '64301283007', 'นางสาวจันทร์ภรณ์ สุทธิประภา', '64301283007@utc.ac.th', 16, '2', NULL, 0),
(376, '64301283008', 'นางสาวสุดารัตน์ นุมขุนทด', '64301283008@utc.ac.th', 16, '2', NULL, 0),
(377, '64301283009', 'นายอรุชา แสงชมภู', '64301283009@utc.ac.th', 16, '2', NULL, 0),
(378, '64301283010', 'นายอนิรุทร์ ป่วนครบุรี', '64301283010@utc.ac.th', 16, '2', NULL, 0),
(379, '64301283011', 'นายสุทธิศักดิ์ สีแสด', '64301283011@utc.ac.th', 16, '2', NULL, 0),
(380, '64301283012', 'นางสาวดารัตน์ บุญประสิทธิ์', '64301283012@utc.ac.th', 16, '2', NULL, 0),
(381, '64301283013', 'นายพิเชฐชาญ บุตรวงค์', '64301283013@utc.ac.th', 16, '2', NULL, 0),
(382, '64301283014', 'นางสาวปิยธิดา รางสถิตย์', '64301283014@utc.ac.th', 16, '2', NULL, 0),
(383, '64301283016', 'นายปัญญาภรณ์ นิลบารันต์', '64301283016@utc.ac.th', 16, '2', NULL, 0),
(384, '64301283018', 'นางสาวเกศชนก กุมขุนทด', '64301283018@utc.ac.th', 16, '2', NULL, 0),
(385, '64301283019', 'นางสาวธนพร แสนสุข', '64301283019@utc.ac.th', 16, '2', NULL, 0),
(386, '64301283020', 'นางสาวลลนา สุจริต', '64301283020@utc.ac.th', 16, '2', NULL, 0),
(387, '64301284001', 'นางสาวสสิธร สมรักษ์', '64301284001@utc.ac.th', 15, '2', NULL, 0),
(388, '64301284002', 'นางสาวมณีวรรณ ทบบุญ', '64301284002@utc.ac.th', 15, '2', NULL, 0),
(389, '64301284003', 'นายอนุชิต ศรีคำ', '64301284003@utc.ac.th', 15, '2', NULL, 0),
(390, '64301284004', 'นายภูบดินทร์ อินศิริ', '64301284004@utc.ac.th', 15, '2', NULL, 0),
(391, '64301284005', 'นางสาวฐานมาศ บูรณพานิชย์', '64301284005@utc.ac.th', 15, '2', NULL, 0),
(392, '64301284006', 'นายยุทธจักร จารย์เขื่อง', '64301284006@utc.ac.th', 15, '2', NULL, 0),
(393, '64301284007', 'นายปฐมพงศ์ นิชรัตน์', '64301284007@utc.ac.th', 15, '2', NULL, 0),
(394, '64301284008', 'นายรัชชานนท์ ใจหนิม', '64301284008@utc.ac.th', 15, '2', NULL, 0),
(395, '64301284009', 'นายธนวันต์ วงศ์เที่ยง', '64301284009@utc.ac.th', 15, '2', NULL, 0),
(396, '64301284010', 'นายอธิวัฒน์ สระสาง', '64301284010@utc.ac.th', 15, '2', NULL, 0),
(397, '64301284012', 'นายอัฐวุฒิ คงดี', '64301284012@utc.ac.th', 15, '2', NULL, 0),
(398, '64301284013', 'นางสาวมนสา สายไหม', '64301284013@utc.ac.th', 15, '2', NULL, 0),
(399, '64301284015', 'นายธนากร ดอนกว้าง', '64301284015@utc.ac.th', 15, '2', NULL, 0),
(400, '64301284016', 'นายณชพล วรวิเศษ', '64301284016@utc.ac.th', 15, '2', NULL, 0),
(401, '64301284017', 'นางสาวรุ่งตะวัน แสงภักดี', '64301284017@utc.ac.th', 15, '2', NULL, 0),
(402, '64301284018', 'นางสาวนัฐยดา ทีทอง', '64301284018@utc.ac.th', 15, '2', NULL, 0),
(403, '64301284019', 'นางสาวประภาพร อินทรอนันต์', '64301284019@utc.ac.th', 15, '2', NULL, 0),
(404, '64301284020', 'นายวสุพล นิ่งนาน', '64301284020@utc.ac.th', 15, '2', NULL, 0),
(405, '64301284021', 'นายอชิตพล วิลาเลิศ', '64301284021@utc.ac.th', 15, '2', NULL, 0),
(406, '64301284045', 'นางสาวกนกพร กุมภิโร', '64301284045@utc.ac.th', 15, '2', NULL, 0),
(407, '64301284022', 'นายนครทรัพย์ เถาว์ทวี', '64301284022@utc.ac.th', 15, '3', NULL, 0),
(408, '64301284023', 'นายธนาธิป เพ็ญนิเวศน์สุข', '64301284023@utc.ac.th', 15, '3', NULL, 0),
(409, '64301284024', 'นายณัฐวุฒิ วามสิงห์', '64301284024@utc.ac.th', 15, '3', NULL, 0),
(410, '64301284025', 'นางสาวชินรัตน์ หนูสิน', '64301284025@utc.ac.th', 15, '3', NULL, 0),
(411, '64301284026', 'นายจิรายุ สุรนะภาพันธ์', '64301284026@utc.ac.th', 15, '3', NULL, 0),
(412, '64301284027', 'นางสาวนาถนรี วงษ์มะลิ', '64301284027@utc.ac.th', 15, '3', NULL, 0),
(413, '64301284028', 'นายคุณานนท์ สายเบาะ', '64301284028@utc.ac.th', 15, '3', NULL, 0),
(414, '64301284029', 'นายกฤษฎา อาจหาญ', '64301284029@utc.ac.th', 15, '3', NULL, 0),
(415, '64301284030', 'นายธวัชชัย กะระวิชัย', '64301284030@utc.ac.th', 15, '3', NULL, 0),
(416, '64301284031', 'นายรวีโรจน์ พุดตาล', '64301284031@utc.ac.th', 15, '3', NULL, 0),
(417, '64301284032', 'นายอภิสิทธิ์ สีลม', '64301284032@utc.ac.th', 15, '3', NULL, 0),
(418, '64301284034', 'นายพิทักษ์ อรอินทร์', '64301284034@utc.ac.th', 15, '3', NULL, 0),
(419, '64301284035', 'นางสาวสุภาพร ศิริวาลย์', '64301284035@utc.ac.th', 15, '3', NULL, 0),
(420, '64301284036', 'นายอนันต์ดา ปาบุตร', '64301284036@utc.ac.th', 15, '3', NULL, 0),
(421, '64301284037', 'นายอดิศักดิ์ ผิวละมุล', '64301284037@utc.ac.th', 15, '3', NULL, 0),
(422, '64301284038', 'นายพรภวิษย์ ธนะศรี', '64301284038@utc.ac.th', 15, '3', NULL, 0),
(423, '64301284039', 'นางสาวเฟื่องฟ้า บรรเทาทัน', '64301284039@utc.ac.th', 15, '3', NULL, 0),
(424, '64301284040', 'นางสาวอลิสา ดวงแก้ว', '64301284040@utc.ac.th', 15, '3', NULL, 0),
(425, '64301284041', 'นายธีรภัทร์ กุลอ่อน', '64301284041@utc.ac.th', 15, '3', NULL, 0),
(426, '64301284042', 'นายพงษ์มณีพันธ์ ดวงปุ้ม', '64301284042@utc.ac.th', 15, '3', NULL, 0),
(427, '64301284043', 'นายวรฤทธิ์ สีลามนต์', '64301284043@utc.ac.th', 15, '3', NULL, 0),
(428, '64301284044', 'นางสาวสุพิกา ชนกคุณ', '64301284044@utc.ac.th', 15, '3', NULL, 0);

-- --------------------------------------------------------

--
-- Table structure for table `tb_teacher`
--

CREATE TABLE `tb_teacher` (
  `id` int(11) NOT NULL,
  `title` varchar(10) NOT NULL,
  `Teacher_name` varchar(150) NOT NULL,
  `username` varchar(100) NOT NULL,
  `password` text NOT NULL,
  `phone` varchar(10) NOT NULL,
  `Department` int(5) DEFAULT NULL,
  `lavel` int(5) DEFAULT NULL,
  `room1` int(11) DEFAULT NULL,
  `room2` int(11) DEFAULT NULL,
  `image` longtext NOT NULL DEFAULT '\'\\\'\\\\\\\'upload/img_avatar.png\\\\\\\'\\\'\'',
  `line_token` varchar(255) DEFAULT NULL,
  `type` int(1) DEFAULT 0
) ENGINE=InnoDB DEFAULT CHARSET=utf8 COLLATE=utf8_general_ci;

--
-- Dumping data for table `tb_teacher`
--

INSERT INTO `tb_teacher` (`id`, `title`, `Teacher_name`, `username`, `password`, `phone`, `Department`, `lavel`, `room1`, `room2`, `image`, `line_token`, `type`) VALUES
(3, 'นาย', 'นัธนันท์ จันทรมณี', '111111111', 'bbb8aae57c104cda40c93843ad5e6db8', '12', 3, 3, 2, 3, 'upload/img_avatar.png', 'WE7vtiUjUhF5IiD3wNQd1lo4MNkkv1QkzafmpRy92SM', 0),
(4, 'นางสาว', 'ปวช 1 ห้อง 3 -4', 'teacher2', '0d777e9e30b918e9034ab610712c90cf', '123', 3, 3, 4, 11, 'upload/img_avatar.png', NULL, 0),
(5, 'นาย', 'ปวช 1 ห้อง 5', 'teacher3', '77c9749b451ab8c713c48037ddfbb2c4', '123', 3, 3, 12, 0, 'upload/img_avatar.png', NULL, 0),
(6, 'นาย', 'ปวช 2 ห้อง 1 - 2', 'teacher4', '8792b8cf71d27dc96173b2ac79b96e0d', '123', 3, 4, 2, 3, 'upload/img_avatar.png', NULL, 0),
(7, 'นาย', 'ปวช 2 ห้อง 3 - 4', 'teacher5', '3665a76e271ada5a75368b99f774e404', '123', 3, 4, 4, 11, 'upload/img_avatar.png', NULL, 0),
(8, 'นาย', 'สุภภณ สวาสดิพันธ์', 'teacher6', '9f0863dd5f0256b0f586a7b523f8cfe8', '0922222222', 3, 6, 2, 3, 'upload/img_avatar.png', NULL, 0),
(9, 'นาย', 'ปวช 3 ห้อง 3 - 4', 'teacher7', 'ca94efe2a58c27168edf3d35102dbb6d', '123', 3, 6, 4, 11, 'upload/img_avatar.png', NULL, 0),
(10, 'นาย', 'ปวช 3 ห้อง 5', 'teacher8', '134fb0bf3bdd54ee9098f4cbc4351b9a', '123', 3, 6, 12, 0, 'upload/img_avatar.png', NULL, 0),
(11, 'นาย', 'ปวส 1 ซอฟต์แวร์ ห้อง 1 - 2', 'teacher9', 'c8c605999f3d8352d7bb792cf3fdb25b', '123', 1, 7, 2, 3, 'upload/img_avatar.png', NULL, 0),
(12, 'นาย', 'นาย ปวส 1 มัลติ ห้อง 1 - 2', 'teacher10', '3fd5c2a0df1ce9dc01f0698adc57c72b', '123', 2, 7, 2, 3, 'upload/img_avatar.png', NULL, 0),
(13, 'นาย', 'ปวส 1 ฮาดแวร์ ห้อง 1 - 2', 'teacher11', 'bbb8aae57c104cda40c93843ad5e6db8', '123', 5, 7, 2, 0, 'upload/img_avatar.png', NULL, 0),
(14, 'นาย', 'ปวส 2 ซอฟต์แวร์ ห้อง 1 -2', 'teacher12', 'e11170b8cbd2d74102651cb967fa28e5', '123', 1, 8, 2, 3, 'upload/img_avatar.png', NULL, 0),
(15, 'นาย', 'ปวส 2 มัลติ ห้อง 1 -2', 'teacher13', 'bbb8aae57c104cda40c93843ad5e6db8', '123', 2, 8, 2, 3, 'upload/img_avatar.png', '', 0),
(16, 'นาย', 'ปวส 2 เครือข่าย ห้อง 1', 'teacher15', 'bbb8aae57c104cda40c93843ad5e6db8', '123', 4, 8, 2, 0, 'upload/img_avatar.png', 'dBwMBWClZQgDTzNmfkBxWvq4K44glEErciuSyUcdUrZ', 0),
(18, 'Admin', 'Admin', 'admin', 'bbb8aae57c104cda40c93843ad5e6db8', '0925562767', 999, 999, 999, 999, 'upload/img_avatar.png', NULL, 999);

-- --------------------------------------------------------

--
-- Table structure for table `tb_term`
--

CREATE TABLE `tb_term` (
  `id` int(11) NOT NULL,
  `term` varchar(5) NOT NULL
) ENGINE=InnoDB DEFAULT CHARSET=utf8 COLLATE=utf8_general_ci;

--
-- Dumping data for table `tb_term`
--

INSERT INTO `tb_term` (`id`, `term`) VALUES
(1, '2');

-- --------------------------------------------------------

--
-- Table structure for table `tb_time`
--

CREATE TABLE `tb_time` (
  `id` int(11) NOT NULL,
  `time_open` varchar(20) NOT NULL,
  `time_close` varchar(20) NOT NULL
) ENGINE=InnoDB DEFAULT CHARSET=utf8 COLLATE=utf8_general_ci;

--
-- Dumping data for table `tb_time`
--

INSERT INTO `tb_time` (`id`, `time_open`, `time_close`) VALUES
(1, '06:00', '23:59');

-- --------------------------------------------------------

--
-- Table structure for table `tb_title`
--

CREATE TABLE `tb_title` (
  `id` int(11) NOT NULL,
  `title` varchar(100) NOT NULL
) ENGINE=InnoDB DEFAULT CHARSET=utf8 COLLATE=utf8_general_ci;

--
-- Dumping data for table `tb_title`
--

INSERT INTO `tb_title` (`id`, `title`) VALUES
(9, 'นางสาว'),
(10, 'นาย');

-- --------------------------------------------------------

--
-- Table structure for table `tb_year_term_history`
--

CREATE TABLE `tb_year_term_history` (
  `id` int(11) NOT NULL,
  `year` varchar(10) NOT NULL,
  `term` varchar(5) NOT NULL,
  `lavel` int(11) NOT NULL,
  `Teacher_id` int(11) NOT NULL,
  `open_scan` varchar(10) NOT NULL,
  `close_scan` varchar(10) NOT NULL
) ENGINE=InnoDB DEFAULT CHARSET=utf8 COLLATE=utf8_general_ci;

--
-- Indexes for dumped tables
--

--
-- Indexes for table `tb_announce`
--
ALTER TABLE `tb_announce`
  ADD PRIMARY KEY (`id`);

--
-- Indexes for table `tb_area`
--
ALTER TABLE `tb_area`
  ADD PRIMARY KEY (`id`);

--
-- Indexes for table `tb_check_history`
--
ALTER TABLE `tb_check_history`
  ADD PRIMARY KEY (`id`);

--
-- Indexes for table `tb_check_student`
--
ALTER TABLE `tb_check_student`
  ADD PRIMARY KEY (`id`);

--
-- Indexes for table `tb_department`
--
ALTER TABLE `tb_department`
  ADD PRIMARY KEY (`id`);

--
-- Indexes for table `tb_lavel`
--
ALTER TABLE `tb_lavel`
  ADD PRIMARY KEY (`id`);

--
-- Indexes for table `tb_opn_scan`
--
ALTER TABLE `tb_opn_scan`
  ADD PRIMARY KEY (`id`);

--
-- Indexes for table `tb_room`
--
ALTER TABLE `tb_room`
  ADD PRIMARY KEY (`Room_ID`);

--
-- Indexes for table `tb_schedule_list`
--
ALTER TABLE `tb_schedule_list`
  ADD PRIMARY KEY (`id`);

--
-- Indexes for table `tb_school_year`
--
ALTER TABLE `tb_school_year`
  ADD PRIMARY KEY (`id`);

--
-- Indexes for table `tb_student`
--
ALTER TABLE `tb_student`
  ADD PRIMARY KEY (`id`);

--
-- Indexes for table `tb_teacher`
--
ALTER TABLE `tb_teacher`
  ADD PRIMARY KEY (`id`);

--
-- Indexes for table `tb_term`
--
ALTER TABLE `tb_term`
  ADD PRIMARY KEY (`id`);

--
-- Indexes for table `tb_time`
--
ALTER TABLE `tb_time`
  ADD PRIMARY KEY (`id`);

--
-- Indexes for table `tb_title`
--
ALTER TABLE `tb_title`
  ADD PRIMARY KEY (`id`);

--
-- Indexes for table `tb_year_term_history`
--
ALTER TABLE `tb_year_term_history`
  ADD PRIMARY KEY (`id`);

--
-- AUTO_INCREMENT for dumped tables
--

--
-- AUTO_INCREMENT for table `tb_announce`
--
ALTER TABLE `tb_announce`
  MODIFY `id` int(11) NOT NULL AUTO_INCREMENT, AUTO_INCREMENT=5;

--
-- AUTO_INCREMENT for table `tb_area`
--
ALTER TABLE `tb_area`
  MODIFY `id` int(11) NOT NULL AUTO_INCREMENT, AUTO_INCREMENT=2;

--
-- AUTO_INCREMENT for table `tb_check_history`
--
ALTER TABLE `tb_check_history`
  MODIFY `id` int(11) NOT NULL AUTO_INCREMENT;

--
-- AUTO_INCREMENT for table `tb_check_student`
--
ALTER TABLE `tb_check_student`
  MODIFY `id` int(11) NOT NULL AUTO_INCREMENT, AUTO_INCREMENT=204;

--
-- AUTO_INCREMENT for table `tb_department`
--
ALTER TABLE `tb_department`
  MODIFY `id` int(11) NOT NULL AUTO_INCREMENT, AUTO_INCREMENT=6;

--
-- AUTO_INCREMENT for table `tb_lavel`
--
ALTER TABLE `tb_lavel`
  MODIFY `id` int(11) NOT NULL AUTO_INCREMENT, AUTO_INCREMENT=10;

--
-- AUTO_INCREMENT for table `tb_opn_scan`
--
ALTER TABLE `tb_opn_scan`
  MODIFY `id` int(11) NOT NULL AUTO_INCREMENT, AUTO_INCREMENT=2;

--
-- AUTO_INCREMENT for table `tb_room`
--
ALTER TABLE `tb_room`
  MODIFY `Room_ID` int(11) NOT NULL AUTO_INCREMENT, AUTO_INCREMENT=17;

--
-- AUTO_INCREMENT for table `tb_schedule_list`
--
ALTER TABLE `tb_schedule_list`
  MODIFY `id` int(30) NOT NULL AUTO_INCREMENT, AUTO_INCREMENT=14;

--
-- AUTO_INCREMENT for table `tb_school_year`
--
ALTER TABLE `tb_school_year`
  MODIFY `id` int(11) NOT NULL AUTO_INCREMENT, AUTO_INCREMENT=2;

--
-- AUTO_INCREMENT for table `tb_student`
--
ALTER TABLE `tb_student`
  MODIFY `id` int(11) NOT NULL AUTO_INCREMENT, AUTO_INCREMENT=429;

--
-- AUTO_INCREMENT for table `tb_teacher`
--
ALTER TABLE `tb_teacher`
  MODIFY `id` int(11) NOT NULL AUTO_INCREMENT, AUTO_INCREMENT=19;

--
-- AUTO_INCREMENT for table `tb_term`
--
ALTER TABLE `tb_term`
  MODIFY `id` int(11) NOT NULL AUTO_INCREMENT, AUTO_INCREMENT=2;

--
-- AUTO_INCREMENT for table `tb_time`
--
ALTER TABLE `tb_time`
  MODIFY `id` int(11) NOT NULL AUTO_INCREMENT, AUTO_INCREMENT=2;

--
-- AUTO_INCREMENT for table `tb_title`
--
ALTER TABLE `tb_title`
  MODIFY `id` int(11) NOT NULL AUTO_INCREMENT, AUTO_INCREMENT=12;

--
-- AUTO_INCREMENT for table `tb_year_term_history`
--
ALTER TABLE `tb_year_term_history`
  MODIFY `id` int(11) NOT NULL AUTO_INCREMENT;
COMMIT;

/*!40101 SET CHARACTER_SET_CLIENT=@OLD_CHARACTER_SET_CLIENT */;
/*!40101 SET CHARACTER_SET_RESULTS=@OLD_CHARACTER_SET_RESULTS */;
/*!40101 SET COLLATION_CONNECTION=@OLD_COLLATION_CONNECTION */;
